v1,v2,c1,c2,choice,rt
-3,-3,0.1,0.1,0.4018,49.584
-2,-3,0.1,0.1,0.3586,49.3966
-1,-3,0.1,0.1,0.3316,48.824
0,-3,0.1,0.1,0.299,47.2748
1,-3,0.1,0.1,0.2578,45.5392
2,-3,0.1,0.1,0.2292,45.0368
3,-3,0.1,0.1,0.1982,43.546
-3,-2,0.1,0.1,0.4786,49.2838
-2,-2,0.1,0.1,0.4522,50.5564
-1,-2,0.1,0.1,0.3964,50.2068
0,-2,0.1,0.1,0.3652,48.3604
1,-2,0.1,0.1,0.3126,49.1944
2,-2,0.1,0.1,0.272,47.816
3,-2,0.1,0.1,0.2478,47.2626
-3,-1,0.1,0.1,0.5562,50.6922
-2,-1,0.1,0.1,0.4984,50.4534
-1,-1,0.1,0.1,0.4646,50.1526
0,-1,0.1,0.1,0.4284,50.7946
1,-1,0.1,0.1,0.3832,50.4904
2,-1,0.1,0.1,0.3542,48.6462
3,-1,0.1,0.1,0.2972,47.921
-3,0,0.1,0.1,0.6306,49.8376
-2,0,0.1,0.1,0.5782,49.7576
-1,0,0.1,0.1,0.5408,50.524
0,0,0.1,0.1,0.5048,51.5978
1,0,0.1,0.1,0.4644,50.8808
2,0,0.1,0.1,0.4246,50.5316
3,0,0.1,0.1,0.378,49.6852
-3,1,0.1,0.1,0.6978,49.0176
-2,1,0.1,0.1,0.6598,50.5546
-1,1,0.1,0.1,0.6162,49.8222
0,1,0.1,0.1,0.5814,51.0342
1,1,0.1,0.1,0.5308,50.3572
2,1,0.1,0.1,0.486,49.981
3,1,0.1,0.1,0.4434,50.2238
-3,2,0.1,0.1,0.7476,47.1378
-2,2,0.1,0.1,0.7302,47.3036
-1,2,0.1,0.1,0.6774,49.2408
0,2,0.1,0.1,0.642,49.4094
1,2,0.1,0.1,0.6112,49.3594
2,2,0.1,0.1,0.5672,50.9898
3,2,0.1,0.1,0.5176,49.961
-3,3,0.1,0.1,0.8072,44.7836
-2,3,0.1,0.1,0.7784,46.4326
-1,3,0.1,0.1,0.745,46.038
0,3,0.1,0.1,0.7042,47.2944
1,3,0.1,0.1,0.674,48.7332
2,3,0.1,0.1,0.6338,50.1066
3,3,0.1,0.1,0.5804,49.2558
-3,-3,0.4,0.1,0.6862,85.7146
-2,-3,0.4,0.1,0.5452,94.9216
-1,-3,0.4,0.1,0.4212,92.8844
0,-3,0.4,0.1,0.2944,88.4814
1,-3,0.4,0.1,0.1784,80.3264
2,-3,0.4,0.1,0.1092,72.616
3,-3,0.4,0.1,0.0582,61.8074
-3,-2,0.4,0.1,0.7628,82.32
-2,-2,0.4,0.1,0.6296,91.5522
-1,-2,0.4,0.1,0.4944,95.1582
0,-2,0.4,0.1,0.3504,92.213
1,-2,0.4,0.1,0.2308,86.9228
2,-2,0.4,0.1,0.1396,75.9886
3,-2,0.4,0.1,0.0868,66.5342
-3,-1,0.4,0.1,0.8232,78.75
-2,-1,0.4,0.1,0.6984,89.911
-1,-1,0.4,0.1,0.5676,93.4224
0,-1,0.4,0.1,0.4276,97.3112
1,-1,0.4,0.1,0.303,89.0402
2,-1,0.4,0.1,0.1904,82.721
3,-1,0.4,0.1,0.1004,71.3916
-3,0,0.4,0.1,0.8612,75.7698
-2,0,0.4,0.1,0.769,85.3384
-1,0,0.4,0.1,0.6522,92.9496
0,0,0.4,0.1,0.5026,96.7784
1,0,0.4,0.1,0.3608,94.8926
2,0,0.4,0.1,0.2434,83.7394
3,0,0.4,0.1,0.1448,76.0498
-3,1,0.4,0.1,0.9038,70.7028
-2,1,0.4,0.1,0.829,81.1512
-1,1,0.4,0.1,0.7316,90.721
0,1,0.4,0.1,0.6022,94.5814
1,1,0.4,0.1,0.441,93.551
2,1,0.4,0.1,0.3052,88.81
3,1,0.4,0.1,0.1926,81.6218
-3,2,0.4,0.1,0.9272,66.2076
-2,2,0.4,0.1,0.869,75.1164
-1,2,0.4,0.1,0.7702,84.5554
0,2,0.4,0.1,0.6672,91.6734
1,2,0.4,0.1,0.521,95.5302
2,2,0.4,0.1,0.3844,90.2456
3,2,0.4,0.1,0.2512,87.2748
-3,3,0.4,0.1,0.9448,60.9684
-2,3,0.4,0.1,0.9024,70.111
-1,3,0.4,0.1,0.8308,80.0194
0,3,0.4,0.1,0.7346,88.0172
1,3,0.4,0.1,0.6008,94.6846
2,3,0.4,0.1,0.4732,95.4886
3,3,0.4,0.1,0.3364,90.1784
-3,-3,0.7,0.1,0.8438,83.8222
-2,-3,0.7,0.1,0.6834,101.234
-1,-3,0.7,0.1,0.4828,106.008
0,-3,0.7,0.1,0.2912,102.206
1,-3,0.7,0.1,0.155,89.7304
2,-3,0.7,0.1,0.067,73.021
3,-3,0.7,0.1,0.028,58.8242
-3,-2,0.7,0.1,0.8874,81.6696
-2,-2,0.7,0.1,0.7592,96.2152
-1,-2,0.7,0.1,0.5666,107.4682
0,-2,0.7,0.1,0.3582,104.948
1,-2,0.7,0.1,0.186,94.1212
2,-2,0.7,0.1,0.083,78.7052
3,-2,0.7,0.1,0.0402,63.9258
-3,-1,0.7,0.1,0.9134,72.8568
-2,-1,0.7,0.1,0.8178,88.6418
-1,-1,0.7,0.1,0.6488,104.4082
0,-1,0.7,0.1,0.4198,108.9056
1,-1,0.7,0.1,0.247,101.0106
2,-1,0.7,0.1,0.1124,84.6192
3,-1,0.7,0.1,0.0474,67.4796
-3,0,0.7,0.1,0.9406,68.5272
-2,0,0.7,0.1,0.8564,86.5034
-1,0,0.7,0.1,0.7092,101.937
0,0,0.7,0.1,0.5058,107.2444
1,0,0.7,0.1,0.301,104.0918
2,0,0.7,0.1,0.1594,89.348
3,0,0.7,0.1,0.0602,72.83
-3,1,0.7,0.1,0.9582,63.7988
-2,1,0.7,0.1,0.9018,80.3356
-1,1,0.7,0.1,0.781,95.5652
0,1,0.7,0.1,0.5872,107.5238
1,1,0.7,0.1,0.3732,108.881
2,1,0.7,0.1,0.1962,94.616
3,1,0.7,0.1,0.0854,78.1296
-3,2,0.7,0.1,0.972,60.2164
-2,2,0.7,0.1,0.9218,75.5762
-1,2,0.7,0.1,0.824,94.014
0,2,0.7,0.1,0.6496,103.5662
1,2,0.7,0.1,0.4604,108.8778
2,2,0.7,0.1,0.2634,99.641
3,2,0.7,0.1,0.1202,82.3154
-3,3,0.7,0.1,0.9774,55.3888
-2,3,0.7,0.1,0.9452,70.7652
-1,3,0.7,0.1,0.8676,86.9646
0,3,0.7,0.1,0.7236,101.1914
1,3,0.7,0.1,0.5374,107.6574
2,3,0.7,0.1,0.334,102.9732
3,3,0.7,0.1,0.157,89.0246
-3,-3,1.0,0.1,0.9196,72.8296
-2,-3,1.0,0.1,0.7768,95.0198
-1,-3,1.0,0.1,0.523,110.1778
0,-3,1.0,0.1,0.2988,105.2068
1,-3,1.0,0.1,0.132,88.4468
2,-3,1.0,0.1,0.045,70.8118
3,-3,1.0,0.1,0.0152,54.0422
-3,-2,1.0,0.1,0.946,68.229
-2,-2,1.0,0.1,0.8344,91.075
-1,-2,1.0,0.1,0.6024,110.0836
0,-2,1.0,0.1,0.3656,109.9006
1,-2,1.0,0.1,0.1626,94.788
2,-2,1.0,0.1,0.0598,74.218
3,-2,1.0,0.1,0.0204,57.9632
-3,-1,1.0,0.1,0.9564,64.5964
-2,-1,1.0,0.1,0.8716,84.9912
-1,-1,1.0,0.1,0.6842,106.1548
0,-1,1.0,0.1,0.4302,111.931
1,-1,1.0,0.1,0.2084,100.3242
2,-1,1.0,0.1,0.08,80.8666
3,-1,1.0,0.1,0.0238,61.1326
-3,0,1.0,0.1,0.977,59.0466
-2,0,1.0,0.1,0.9102,80.199
-1,0,1.0,0.1,0.7518,102.3638
0,0,1.0,0.1,0.5126,112.1352
1,0,1.0,0.1,0.2796,105.069
2,0,1.0,0.1,0.1098,84.219
3,0,1.0,0.1,0.0336,65.6994
-3,1,1.0,0.1,0.984,55.9262
-2,1,1.0,0.1,0.9354,75.2344
-1,1,1.0,0.1,0.808,96.8784
0,1,1.0,0.1,0.5874,111.716
1,1,1.0,0.1,0.3246,109.1616
2,1,1.0,0.1,0.1346,90.9704
3,1,1.0,0.1,0.0452,69.793
-3,2,1.0,0.1,0.9874,53.3096
-2,2,1.0,0.1,0.9488,70.3382
-1,2,1.0,0.1,0.8434,91.6088
0,2,1.0,0.1,0.6626,107.8534
1,2,1.0,0.1,0.402,111.085
2,2,1.0,0.1,0.1858,94.6448
3,2,1.0,0.1,0.0622,73.0234
-3,3,1.0,0.1,0.9872,49.3018
-2,3,1.0,0.1,0.9646,66.7808
-1,3,1.0,0.1,0.8838,85.9344
0,3,1.0,0.1,0.7272,104.089
1,3,1.0,0.1,0.4836,111.285
2,3,1.0,0.1,0.225,98.9736
3,3,1.0,0.1,0.088,78.446
-3,-3,0.1,0.4,0.119,51.904
-2,-3,0.1,0.4,0.106,51.06
-1,-3,0.1,0.4,0.0916,48.7972
0,-3,0.1,0.4,0.0844,48.1334
1,-3,0.1,0.4,0.0628,47.0502
2,-3,0.1,0.4,0.0636,46.4106
3,-3,0.1,0.4,0.0454,43.8406
-3,-2,0.1,0.4,0.227,60.8054
-2,-2,0.1,0.4,0.2134,59.737
-1,-2,0.1,0.4,0.1728,58.7822
0,-2,0.1,0.4,0.1604,57.152
1,-2,0.1,0.4,0.1376,55.5044
2,-2,0.1,0.4,0.124,54.1752
3,-2,0.1,0.4,0.1158,53.1022
-3,-1,0.1,0.4,0.4106,67.2402
-2,-1,0.1,0.4,0.3744,66.9632
-1,-1,0.1,0.4,0.3414,64.4952
0,-1,0.1,0.4,0.3136,65.79
1,-1,0.1,0.4,0.2836,64.0502
2,-1,0.1,0.4,0.2568,62.0324
3,-1,0.1,0.4,0.2278,60.5782
-3,0,0.1,0.4,0.602,66.1126
-2,0,0.1,0.4,0.5686,67.116
-1,0,0.1,0.4,0.5368,64.9776
0,0,0.1,0.4,0.4964,67.7506
1,0,0.1,0.4,0.4582,67.7886
2,0,0.1,0.4,0.4352,67.8196
3,0,0.1,0.4,0.4052,67.435
-3,1,0.1,0.4,0.7696,61.5352
-2,1,0.1,0.4,0.7486,61.6322
-1,1,0.1,0.4,0.7166,62.958
0,1,0.1,0.4,0.6796,64.6638
1,1,0.1,0.4,0.6732,65.0298
2,1,0.1,0.4,0.635,66.4396
3,1,0.1,0.4,0.5908,66.538
-3,2,0.1,0.4,0.8858,53.443
-2,2,0.1,0.4,0.8746,54.3536
-1,2,0.1,0.4,0.8534,54.7634
0,2,0.1,0.4,0.838,57.587
1,2,0.1,0.4,0.8108,58.9752
2,2,0.1,0.4,0.7916,60.3878
3,2,0.1,0.4,0.7776,59.8094
-3,3,0.1,0.4,0.9494,45.4352
-2,3,0.1,0.4,0.938,46.8558
-1,3,0.1,0.4,0.925,47.6984
0,3,0.1,0.4,0.9182,49.2916
1,3,0.1,0.4,0.9032,50.74
2,3,0.1,0.4,0.897,51.158
3,3,0.1,0.4,0.8854,51.4216
-3,-3,0.4,0.4,0.263,89.2454
-2,-3,0.4,0.4,0.1762,82.7926
-1,-3,0.4,0.4,0.1252,75.841
0,-3,0.4,0.4,0.0706,70.0326
1,-3,0.4,0.4,0.047,62.729
2,-3,0.4,0.4,0.0274,56.1246
3,-3,0.4,0.4,0.018,51.066
-3,-2,0.4,0.4,0.4546,97.6958
-2,-2,0.4,0.4,0.3378,94.5084
-1,-2,0.4,0.4,0.235,88.8894
0,-2,0.4,0.4,0.1568,81.3438
1,-2,0.4,0.4,0.107,73.6884
2,-2,0.4,0.4,0.0638,66.6388
3,-2,0.4,0.4,0.0374,60.5844
-3,-1,0.4,0.4,0.6468,93.9666
-2,-1,0.4,0.4,0.536,96.056
-1,-1,0.4,0.4,0.4054,97.5454
0,-1,0.4,0.4,0.3026,94.0118
1,-1,0.4,0.4,0.2154,89.3434
2,-1,0.4,0.4,0.1476,82.0648
3,-1,0.4,0.4,0.0974,73.5064
-3,0,0.4,0.4,0.8096,84.497
-2,0,0.4,0.4,0.7258,90.6344
-1,0,0.4,0.4,0.6252,96.9794
0,0,0.4,0.4,0.5114,99.6112
1,0,0.4,0.4,0.3904,98.2664
2,0,0.4,0.4,0.2726,91.2728
3,0,0.4,0.4,0.1982,85.867
-3,1,0.4,0.4,0.9092,71.8572
-2,1,0.4,0.4,0.8726,80.0674
-1,1,0.4,0.4,0.8048,88.1614
0,1,0.4,0.4,0.7188,93.8846
1,1,0.4,0.4,0.5888,97.2118
2,1,0.4,0.4,0.4758,97.5624
3,1,0.4,0.4,0.3586,96.7018
-3,2,0.4,0.4,0.96,59.9726
-2,2,0.4,0.4,0.9332,66.0398
-1,2,0.4,0.4,0.8986,73.6852
0,2,0.4,0.4,0.8426,81.9768
1,2,0.4,0.4,0.7692,89.8616
2,2,0.4,0.4,0.6766,94.6392
3,2,0.4,0.4,0.5632,96.6664
-3,3,0.4,0.4,0.9836,48.5606
-2,3,0.4,0.4,0.9708,55.6552
-1,3,0.4,0.4,0.958,61.2568
0,3,0.4,0.4,0.9282,67.4232
1,3,0.4,0.4,0.8894,74.7734
2,3,0.4,0.4,0.8288,81.6458
3,3,0.4,0.4,0.7454,87.4098
-3,-3,0.7,0.4,0.4376,106.6542
-2,-3,0.7,0.4,0.2814,101.861
-1,-3,0.7,0.4,0.161,91.0104
0,-3,0.7,0.4,0.0812,78.5632
1,-3,0.7,0.4,0.0404,67.6
2,-3,0.7,0.4,0.0168,57.2834
3,-3,0.7,0.4,0.0072,49.766
-3,-2,0.7,0.4,0.6402,105.2448
-2,-2,0.7,0.4,0.461,109.083
-1,-2,0.7,0.4,0.2974,106.8208
0,-2,0.7,0.4,0.17,94.765
1,-2,0.7,0.4,0.0826,80.493
2,-2,0.7,0.4,0.0432,68.3988
3,-2,0.7,0.4,0.018,57.821
-3,-1,0.7,0.4,0.8084,95.35
-2,-1,0.7,0.4,0.6554,106.4236
-1,-1,0.7,0.4,0.4872,113.261
0,-1,0.7,0.4,0.3174,106.4214
1,-1,0.7,0.4,0.1816,95.7452
2,-1,0.7,0.4,0.0866,82.4616
3,-1,0.7,0.4,0.0482,68.5522
-3,0,0.7,0.4,0.906,77.9464
-2,0,0.7,0.4,0.8268,96.0856
-1,0,0.7,0.4,0.674,106.0128
0,0,0.7,0.4,0.5084,112.144
1,0,0.7,0.4,0.332,108.609
2,0,0.7,0.4,0.1946,96.4294
3,0,0.7,0.4,0.1012,81.8418
-3,1,0.7,0.4,0.956,67.9682
-2,1,0.7,0.4,0.915,80.2662
-1,1,0.7,0.4,0.8374,94.0986
0,1,0.7,0.4,0.7054,104.5784
1,1,0.7,0.4,0.5302,110.637
2,1,0.7,0.4,0.3596,105.9626
3,1,0.7,0.4,0.2074,96.26
-3,2,0.7,0.4,0.981,55.545
-2,2,0.7,0.4,0.9636,66.4932
-1,2,0.7,0.4,0.926,79.1218
0,2,0.7,0.4,0.843,91.6652
1,2,0.7,0.4,0.732,103.1976
2,2,0.7,0.4,0.5432,107.4954
3,2,0.7,0.4,0.3744,105.7852
-3,3,0.7,0.4,0.9934,47.5348
-2,3,0.7,0.4,0.9832,56.0404
-1,3,0.7,0.4,0.9648,65.3272
0,3,0.7,0.4,0.9208,78.2294
1,3,0.7,0.4,0.8574,90.093
2,3,0.7,0.4,0.741,102.3074
3,3,0.7,0.4,0.5748,104.9888
-3,-3,1.0,0.4,0.5864,109.0278
-2,-3,1.0,0.4,0.3738,106.9994
-1,-3,1.0,0.4,0.193,98.8426
0,-3,1.0,0.4,0.0892,85.17
1,-3,1.0,0.4,0.0358,69.24
2,-3,1.0,0.4,0.014,56.1578
3,-3,1.0,0.4,0.0042,46.7416
-3,-2,1.0,0.4,0.7472,101.3716
-2,-2,1.0,0.4,0.5704,111.808
-1,-2,1.0,0.4,0.3492,110.8454
0,-2,1.0,0.4,0.1728,96.997
1,-2,1.0,0.4,0.0702,81.0204
2,-2,1.0,0.4,0.031,66.3442
3,-2,1.0,0.4,0.0098,53.4682
-3,-1,1.0,0.4,0.8868,87.5114
-2,-1,1.0,0.4,0.738,104.819
-1,-1,1.0,0.4,0.538,115.968
0,-1,1.0,0.4,0.3122,109.7446
1,-1,1.0,0.4,0.1526,95.4598
2,-1,1.0,0.4,0.069,77.5582
3,-1,1.0,0.4,0.024,63.4936
-3,0,1.0,0.4,0.9552,71.696
-2,0,1.0,0.4,0.8734,89.2708
-1,0,1.0,0.4,0.7302,107.0566
0,0,1.0,0.4,0.5174,114.5906
1,0,1.0,0.4,0.304,109.54
2,0,1.0,0.4,0.1354,94.1354
3,0,1.0,0.4,0.0562,74.142
-3,1,1.0,0.4,0.9812,60.4752
-2,1,1.0,0.4,0.9396,74.3618
-1,1,1.0,0.4,0.857,94.1202
0,1,1.0,0.4,0.6976,107.6918
1,1,1.0,0.4,0.491,114.5032
2,1,1.0,0.4,0.275,107.1566
3,1,1.0,0.4,0.1294,91.579
-3,2,1.0,0.4,0.9918,50.9736
-2,2,1.0,0.4,0.9756,62.81
-1,2,1.0,0.4,0.9382,79.8928
0,2,1.0,0.4,0.8424,96.4186
1,2,1.0,0.4,0.6744,110.6494
2,2,1.0,0.4,0.4594,112.232
3,2,1.0,0.4,0.2528,102.6638
-3,3,1.0,0.4,0.9978,43.7816
-2,3,1.0,0.4,0.9876,53.4136
-1,3,1.0,0.4,0.9724,66.0488
0,3,1.0,0.4,0.9224,79.7618
1,3,1.0,0.4,0.8332,98.56
2,3,1.0,0.4,0.6582,110.3576
3,3,1.0,0.4,0.4334,108.3624
-3,-3,0.1,0.7,0.0406,44.0006
-2,-3,0.1,0.7,0.0388,43.2444
-1,-3,0.1,0.7,0.0298,42.1302
0,-3,0.1,0.7,0.0246,41.5924
1,-3,0.1,0.7,0.0264,40.9058
2,-3,0.1,0.7,0.0232,39.3732
3,-3,0.1,0.7,0.0188,39.4152
-3,-2,0.1,0.7,0.1214,55.9198
-2,-2,0.1,0.7,0.1182,54.9132
-1,-2,0.1,0.7,0.0938,53.2872
0,-2,0.1,0.7,0.0858,52.2264
1,-2,0.1,0.7,0.0848,51.0604
2,-2,0.1,0.7,0.0734,49.7802
3,-2,0.1,0.7,0.0646,48.7258
-3,-1,0.1,0.7,0.324,66.6342
-2,-1,0.1,0.7,0.2978,66.8436
-1,-1,0.1,0.7,0.2776,65.1282
0,-1,0.1,0.7,0.2462,63.6212
1,-1,0.1,0.7,0.2192,63.8646
2,-1,0.1,0.7,0.2068,61.7342
3,-1,0.1,0.7,0.1838,61.328
-3,0,0.1,0.7,0.5964,68.879
-2,0,0.1,0.7,0.5506,69.9846
-1,0,0.1,0.7,0.5174,69.7838
0,0,0.1,0.7,0.5008,70.3498
1,0,0.1,0.7,0.469,70.2612
2,0,0.1,0.7,0.4478,70.1312
3,0,0.1,0.7,0.4128,69.1952
-3,1,0.1,0.7,0.8124,61.5006
-2,1,0.1,0.7,0.7818,61.5364
-1,1,0.1,0.7,0.7684,64.2254
0,1,0.1,0.7,0.7492,65.0468
1,1,0.1,0.7,0.7298,65.9394
2,1,0.1,0.7,0.7108,66.7618
3,1,0.1,0.7,0.6824,68.4212
-3,2,0.1,0.7,0.9386,50.0914
-2,2,0.1,0.7,0.9318,51.4064
-1,2,0.1,0.7,0.9112,51.7484
0,2,0.1,0.7,0.9016,53.3052
1,2,0.1,0.7,0.8938,55.0184
2,2,0.1,0.7,0.8792,55.8946
3,2,0.1,0.7,0.8656,56.1338
-3,3,0.1,0.7,0.9734,40.3384
-2,3,0.1,0.7,0.9758,40.731
-1,3,0.1,0.7,0.9692,41.3968
0,3,0.1,0.7,0.9672,42.4652
1,3,0.1,0.7,0.9662,43.622
2,3,0.1,0.7,0.9578,44.3732
3,3,0.1,0.7,0.9474,45.5198
-3,-3,0.4,0.7,0.1148,73.4176
-2,-3,0.4,0.7,0.0688,66.922
-1,-3,0.4,0.7,0.0404,61.2628
0,-3,0.4,0.7,0.0264,54.8782
1,-3,0.4,0.7,0.0172,50.3902
2,-3,0.4,0.7,0.0112,45.6324
3,-3,0.4,0.7,0.0066,42.352
-3,-2,0.4,0.7,0.291,90.8152
-2,-2,0.4,0.7,0.205,86.8458
-1,-2,0.4,0.7,0.1478,79.4618
0,-2,0.4,0.7,0.0932,72.698
1,-2,0.4,0.7,0.0568,66.2614
2,-2,0.4,0.7,0.0418,58.2106
3,-2,0.4,0.7,0.0246,52.8164
-3,-1,0.4,0.7,0.5618,98.4658
-2,-1,0.4,0.7,0.46,97.9962
-1,-1,0.4,0.7,0.3416,93.801
0,-1,0.4,0.7,0.2328,90.9384
1,-1,0.4,0.7,0.1654,83.2586
2,-1,0.4,0.7,0.1102,78.0796
3,-1,0.4,0.7,0.079,68.804
-3,0,0.4,0.7,0.791,85.169
-2,0,0.4,0.7,0.717,91.9892
-1,0,0.4,0.7,0.61,96.7738
0,0,0.4,0.7,0.5084,98.8054
1,0,0.4,0.7,0.3784,99.1344
2,0,0.4,0.7,0.2866,93.1734
3,0,0.4,0.7,0.2118,86.798
-3,1,0.4,0.7,0.9304,68.9144
-2,1,0.4,0.7,0.889,75.3296
-1,1,0.4,0.7,0.8402,82.6218
0,1,0.4,0.7,0.7702,89.2466
1,1,0.4,0.7,0.665,96.4366
2,1,0.4,0.7,0.5628,96.5612
3,1,0.4,0.7,0.4654,95.4286
-3,2,0.4,0.7,0.978,53.7584
-2,2,0.4,0.7,0.9678,58.6942
-1,2,0.4,0.7,0.9354,64.6562
0,2,0.4,0.7,0.911,71.7616
1,2,0.4,0.7,0.8654,77.7988
2,2,0.4,0.7,0.805,85.7936
3,2,0.4,0.7,0.7242,90.0522
-3,3,0.4,0.7,0.9934,43.3998
-2,3,0.4,0.7,0.989,46.7974
-1,3,0.4,0.7,0.9818,49.8164
0,3,0.4,0.7,0.9688,54.873
1,3,0.4,0.7,0.9572,60.7266
2,3,0.4,0.7,0.9292,65.5472
3,3,0.4,0.7,0.89,73.1508
-3,-3,0.7,0.7,0.234,96.1364
-2,-3,0.7,0.7,0.1182,84.6798
-1,-3,0.7,0.7,0.0682,73.1576
0,-3,0.7,0.7,0.0284,64.0348
1,-3,0.7,0.7,0.0142,55.2418
2,-3,0.7,0.7,0.0082,47.6384
3,-3,0.7,0.7,0.0036,42.0216
-3,-2,0.7,0.7,0.4646,107.959
-2,-2,0.7,0.7,0.303,103.4958
-1,-2,0.7,0.7,0.1752,94.6338
0,-2,0.7,0.7,0.0886,81.1984
1,-2,0.7,0.7,0.0442,70.4138
2,-2,0.7,0.7,0.0246,59.478
3,-2,0.7,0.7,0.01,52.562
-3,-1,0.7,0.7,0.7424,102.0394
-2,-1,0.7,0.7,0.5738,107.1712
-1,-1,0.7,0.7,0.3914,109.1616
0,-1,0.7,0.7,0.2486,101.6202
1,-1,0.7,0.7,0.1426,89.8736
2,-1,0.7,0.7,0.073,76.9504
3,-1,0.7,0.7,0.0358,66.774
-3,0,0.7,0.7,0.895,82.3194
-2,0,0.7,0.7,0.8178,96.4284
-1,0,0.7,0.7,0.6686,106.974
0,0,0.7,0.7,0.505,109.9316
1,0,0.7,0.7,0.3336,107.6156
2,0,0.7,0.7,0.2026,98.2518
3,0,0.7,0.7,0.1066,84.4636
-3,1,0.7,0.7,0.969,64.124
-2,1,0.7,0.7,0.932,76.2502
-1,1,0.7,0.7,0.8724,88.7392
0,1,0.7,0.7,0.771,99.281
1,1,0.7,0.7,0.6116,105.7564
2,1,0.7,0.7,0.4498,110.6422
3,1,0.7,0.7,0.2862,102.7366
-3,2,0.7,0.7,0.9898,50.599
-2,2,0.7,0.7,0.9838,59.4924
-1,2,0.7,0.7,0.9584,69.4838
0,2,0.7,0.7,0.9128,81.4038
1,2,0.7,0.7,0.8286,92.4906
2,2,0.7,0.7,0.702,101.9398
3,2,0.7,0.7,0.559,104.5192
-3,3,0.7,0.7,0.9968,42.1364
-2,3,0.7,0.7,0.9934,46.8224
-1,3,0.7,0.7,0.988,53.6338
0,3,0.7,0.7,0.971,61.65
1,3,0.7,0.7,0.9338,71.3426
2,3,0.7,0.7,0.8782,81.9968
3,3,0.7,0.7,0.7758,94.0844
-3,-3,1.0,0.7,0.3486,106.822
-2,-3,1.0,0.7,0.1822,96.735
-1,-3,1.0,0.7,0.083,82.454
0,-3,1.0,0.7,0.0346,67.6782
1,-3,1.0,0.7,0.0128,56.1488
2,-3,1.0,0.7,0.006,47.8572
3,-3,1.0,0.7,0.0014,41.0408
-3,-2,1.0,0.7,0.6196,108.4064
-2,-2,1.0,0.7,0.4032,111.4268
-1,-2,1.0,0.7,0.2258,100.0458
0,-2,1.0,0.7,0.1022,85.9878
1,-2,1.0,0.7,0.0418,71.646
2,-2,1.0,0.7,0.0192,58.1034
3,-2,1.0,0.7,0.0058,49.4656
-3,-1,1.0,0.7,0.833,95.3262
-2,-1,1.0,0.7,0.6604,108.6406
-1,-1,1.0,0.7,0.4512,112.8948
0,-1,1.0,0.7,0.2516,106.5514
1,-1,1.0,0.7,0.1206,91.158
2,-1,1.0,0.7,0.0538,74.6344
3,-1,1.0,0.7,0.0186,61.9818
-3,0,1.0,0.7,0.9382,75.9208
-2,0,1.0,0.7,0.865,92.4106
-1,0,1.0,0.7,0.7222,107.6856
0,0,1.0,0.7,0.5142,114.276
1,0,1.0,0.7,0.2912,109.7972
2,0,1.0,0.7,0.152,94.621
3,0,1.0,0.7,0.061,78.334
-3,1,1.0,0.7,0.9818,59.512
-2,1,1.0,0.7,0.9586,73.4278
-1,1,1.0,0.7,0.8946,89.4836
0,1,1.0,0.7,0.764,103.4528
1,1,1.0,0.7,0.5808,111.936
2,1,1.0,0.7,0.358,110.3756
3,1,1.0,0.7,0.18,96.9502
-3,2,1.0,0.7,0.9946,47.6188
-2,2,1.0,0.7,0.9852,57.19
-1,2,1.0,0.7,0.9626,68.8888
0,2,1.0,0.7,0.9088,86.018
1,2,1.0,0.7,0.7968,99.3596
2,2,1.0,0.7,0.6158,109.763
3,2,1.0,0.7,0.414,109.0142
-3,3,1.0,0.7,0.999,39.5502
-2,3,1.0,0.7,0.9952,45.4734
-1,3,1.0,0.7,0.9896,55.0442
0,3,1.0,0.7,0.9658,66.0138
1,3,1.0,0.7,0.9236,79.6458
2,3,1.0,0.7,0.8244,94.6456
3,3,1.0,0.7,0.6602,106.2882
-3,-3,0.1,1.0,0.0172,38.5092
-2,-3,0.1,1.0,0.0176,37.3558
-1,-3,0.1,1.0,0.0168,36.8958
0,-3,0.1,1.0,0.0126,36.608
1,-3,0.1,1.0,0.012,35.3728
2,-3,0.1,1.0,0.0134,34.4474
3,-3,0.1,1.0,0.009,33.8322
-3,-2,0.1,1.0,0.086,51.5796
-2,-2,0.1,1.0,0.0682,49.624
-1,-2,0.1,1.0,0.0596,48.6236
0,-2,0.1,1.0,0.0502,46.919
1,-2,0.1,1.0,0.0478,46.5002
2,-2,0.1,1.0,0.0436,45.2464
3,-2,0.1,1.0,0.033,44.1954
-3,-1,0.1,1.0,0.2706,65.1082
-2,-1,0.1,1.0,0.2556,64.171
-1,-1,0.1,1.0,0.2236,62.6638
0,-1,0.1,1.0,0.195,61.5836
1,-1,0.1,1.0,0.1908,61.7348
2,-1,0.1,1.0,0.1732,59.5664
3,-1,0.1,1.0,0.1436,58.8794
-3,0,0.1,1.0,0.58,68.7428
-2,0,0.1,1.0,0.5672,69.491
-1,0,0.1,1.0,0.516,70.5006
0,0,0.1,1.0,0.5034,70.9576
1,0,0.1,1.0,0.4634,70.291
2,0,0.1,1.0,0.4354,70.811
3,0,0.1,1.0,0.412,69.2198
-3,1,0.1,1.0,0.8384,60.7658
-2,1,0.1,1.0,0.8308,60.7312
-1,1,0.1,1.0,0.8086,61.7158
0,1,0.1,1.0,0.7878,62.4368
1,1,0.1,1.0,0.7728,64.1938
2,1,0.1,1.0,0.7572,63.8734
3,1,0.1,1.0,0.7142,65.2532
-3,2,0.1,1.0,0.9504,45.7978
-2,2,0.1,1.0,0.9462,47.1808
-1,2,0.1,1.0,0.9468,47.625
0,2,0.1,1.0,0.9434,48.2832
1,2,0.1,1.0,0.9302,49.6094
2,2,0.1,1.0,0.9104,50.9546
3,2,0.1,1.0,0.9152,52.1174
-3,3,0.1,1.0,0.9888,35.9918
-2,3,0.1,1.0,0.9886,36.4586
-1,3,0.1,1.0,0.9826,36.84
0,3,0.1,1.0,0.9816,37.827
1,3,0.1,1.0,0.977,38.391
2,3,0.1,1.0,0.9776,38.8042
3,3,0.1,1.0,0.9784,39.858
-3,-3,0.4,1.0,0.049,60.1402
-2,-3,0.4,1.0,0.033,55.6076
-1,-3,0.4,1.0,0.0228,50.8942
0,-3,0.4,1.0,0.0108,45.6678
1,-3,0.4,1.0,0.0074,42.6498
2,-3,0.4,1.0,0.0062,39.9714
3,-3,0.4,1.0,0.0034,37.9084
-3,-2,0.4,1.0,0.2036,84.2278
-2,-2,0.4,1.0,0.1366,75.9612
-1,-2,0.4,1.0,0.0982,70.6534
0,-2,0.4,1.0,0.0562,63.2568
1,-2,0.4,1.0,0.035,56.9548
2,-2,0.4,1.0,0.0244,53.6736
3,-2,0.4,1.0,0.0152,48.03
-3,-1,0.4,1.0,0.51,94.8782
-2,-1,0.4,1.0,0.403,93.3376
-1,-1,0.4,1.0,0.2872,91.2948
0,-1,0.4,1.0,0.2102,85.1912
1,-1,0.4,1.0,0.145,77.6414
2,-1,0.4,1.0,0.0978,70.7338
3,-1,0.4,1.0,0.06,65.445
-3,0,0.4,1.0,0.7992,87.1176
-2,0,0.4,1.0,0.7146,91.7906
-1,0,0.4,1.0,0.6112,94.6576
0,0,0.4,1.0,0.5044,96.9278
1,0,0.4,1.0,0.4004,95.1328
2,0,0.4,1.0,0.2948,93.357
3,0,0.4,1.0,0.2224,86.9774
-3,1,0.4,1.0,0.938,64.833
-2,1,0.4,1.0,0.9128,72.8944
-1,1,0.4,1.0,0.8588,78.832
0,1,0.4,1.0,0.8092,85.9818
1,1,0.4,1.0,0.7302,89.903
2,1,0.4,1.0,0.6142,94.5478
3,1,0.4,1.0,0.5106,95.5602
-3,2,0.4,1.0,0.9846,48.9998
-2,2,0.4,1.0,0.9808,53.1938
-1,2,0.4,1.0,0.968,58.8164
0,2,0.4,1.0,0.9464,64.089
1,2,0.4,1.0,0.9126,69.0634
2,2,0.4,1.0,0.8734,76.5368
3,2,0.4,1.0,0.8182,81.841
-3,3,0.4,1.0,0.9964,38.1792
-2,3,0.4,1.0,0.9954,40.4298
-1,3,0.4,1.0,0.9888,43.6382
0,3,0.4,1.0,0.9862,46.8786
1,3,0.4,1.0,0.9816,51.3272
2,3,0.4,1.0,0.9674,56.8026
3,3,0.4,1.0,0.9524,60.6936
-3,-3,0.7,1.0,0.117,82.2706
-2,-3,0.7,1.0,0.0626,70.441
-1,-3,0.7,1.0,0.031,62.4488
0,-3,0.7,1.0,0.0118,52.8924
1,-3,0.7,1.0,0.0062,46.602
2,-3,0.7,1.0,0.002,41.4812
3,-3,0.7,1.0,0.0012,37.6824
-3,-2,0.7,1.0,0.3644,104.701
-2,-2,0.7,1.0,0.226,95.2932
-1,-2,0.7,1.0,0.1222,83.6398
0,-2,0.7,1.0,0.0568,73.073
1,-2,0.7,1.0,0.033,61.6398
2,-2,0.7,1.0,0.0162,54.6488
3,-2,0.7,1.0,0.0078,47.7728
-3,-1,0.7,1.0,0.6786,103.9846
-2,-1,0.7,1.0,0.527,107.8096
-1,-1,0.7,1.0,0.3478,105.6688
0,-1,0.7,1.0,0.2116,95.4996
1,-1,0.7,1.0,0.12,86.7634
2,-1,0.7,1.0,0.056,73.3992
3,-1,0.7,1.0,0.0322,62.2778
-3,0,0.7,1.0,0.882,84.024
-2,0,0.7,1.0,0.8012,94.9164
-1,0,0.7,1.0,0.6738,105.0594
0,0,0.7,1.0,0.5058,108.7128
1,0,0.7,1.0,0.3552,106.4988
2,0,0.7,1.0,0.2154,97.3732
3,0,0.7,1.0,0.12,85.11
-3,1,0.7,1.0,0.9712,62.021
-2,1,0.7,1.0,0.9454,71.5194
-1,1,0.7,1.0,0.8942,82.5102
0,1,0.7,1.0,0.8022,95.0804
1,1,0.7,1.0,0.6658,104.3154
2,1,0.7,1.0,0.4916,107.8494
3,1,0.7,1.0,0.3458,102.1688
-3,2,0.7,1.0,0.9914,48.132
-2,2,0.7,1.0,0.9836,53.638
-1,2,0.7,1.0,0.9712,61.82
0,2,0.7,1.0,0.9552,70.9566
1,2,0.7,1.0,0.891,82.2786
2,2,0.7,1.0,0.7942,92.3822
3,2,0.7,1.0,0.655,101.7776
-3,3,0.7,1.0,0.9992,37.2814
-2,3,0.7,1.0,0.9964,41.848
-1,3,0.7,1.0,0.9908,46.725
0,3,0.7,1.0,0.986,52.2064
1,3,0.7,1.0,0.9752,61.1454
2,3,0.7,1.0,0.94,70.7144
3,3,0.7,1.0,0.884,80.5556
-3,-3,1.0,1.0,0.2208,96.4442
-2,-3,1.0,1.0,0.0948,83.8278
-1,-3,1.0,1.0,0.0398,67.922
0,-3,1.0,1.0,0.0152,57.8046
1,-3,1.0,1.0,0.0058,48.7522
2,-3,1.0,1.0,0.003,42.3918
3,-3,1.0,1.0,0.0002,36.835
-3,-2,1.0,1.0,0.506,110.6988
-2,-2,1.0,1.0,0.305,107.5998
-1,-2,1.0,1.0,0.159,91.3538
0,-2,1.0,1.0,0.0634,78.4096
1,-2,1.0,1.0,0.0274,63.0148
2,-2,1.0,1.0,0.0094,53.4952
3,-2,1.0,1.0,0.0038,45.4252
-3,-1,1.0,1.0,0.793,99.8566
-2,-1,1.0,1.0,0.615,109.061
-1,-1,1.0,1.0,0.4008,109.445
0,-1,1.0,1.0,0.2188,99.3684
1,-1,1.0,1.0,0.1056,86.118
2,-1,1.0,1.0,0.0412,71.7854
3,-1,1.0,1.0,0.0142,59.196
-3,0,1.0,1.0,0.936,75.0892
-2,0,1.0,1.0,0.8638,92.3978
-1,0,1.0,1.0,0.7142,107.194
0,0,1.0,1.0,0.5232,113.9158
1,0,1.0,1.0,0.3072,110.3626
2,0,1.0,1.0,0.1534,95.1552
3,0,1.0,1.0,0.0782,79.0618
-3,1,1.0,1.0,0.9862,57.7854
-2,1,1.0,1.0,0.9642,70.0176
-1,1,1.0,1.0,0.9076,83.8806
0,1,1.0,1.0,0.8,98.427
1,1,1.0,1.0,0.6232,109.6776
2,1,1.0,1.0,0.4084,112.0488
3,1,1.0,1.0,0.2352,99.8928
-3,2,1.0,1.0,0.9966,44.0864
-2,2,1.0,1.0,0.9922,52.7268
-1,2,1.0,1.0,0.9754,62.705
0,2,1.0,1.0,0.941,74.6646
1,2,1.0,1.0,0.8632,92.6526
2,2,1.0,1.0,0.733,104.5942
3,2,1.0,1.0,0.5356,108.3572
-3,3,1.0,1.0,0.9996,35.8336
-2,3,1.0,1.0,0.9988,40.8084
-1,3,1.0,1.0,0.9942,47.2262
0,3,1.0,1.0,0.989,56.4086
1,3,1.0,1.0,0.9606,67.6636
2,3,1.0,1.0,0.909,81.9722
3,3,1.0,1.0,0.799,93.3706
